{
  "phase1": {
    "scarred_final_similarity": 0.5146242380142212,
    "control_final_similarity": 0.11496400088071823,
    "total_scar_strength": 203.52399444580078
  },
  "phase2": {
    "scarred_recall_quality": 0.9311270713806152,
    "control_recall_quality": 0.2985687851905823,
    "improvement_ratio": 3.1186350267200864
  },
  "phase3": {
    "pattern_recall_qualities": {
      "pattern_A": 0.7304511666297913,
      "pattern_B": 0.9207003712654114,
      "pattern_C": 0.8544197082519531
    },
    "average_recall": 0.8351904153823853,
    "min_recall": 0.7304511666297913
  }
}