{
  "overlap": {
    "pearson_r": 0.9717499661067348,
    "pearson_p": 0.15168140647630085,
    "spearman_r": 1.0,
    "spearman_p": 0.0,
    "values": [
      0.5964913130997745,
      0.9999999781172404,
      -0.393018293259749
    ]
  },
  "capacity": {
    "pearson_r": 0.6584029857199798,
    "pearson_p": 0.5424645684129681,
    "spearman_r": 0.5,
    "spearman_p": 0.6666666666666667,
    "values": [
      0.7418708224339751,
      0.4986736300065733,
      0.0023660222663467226
    ]
  },
  "correlation_length": {
    "pearson_r": 0.8660254037844388,
    "pearson_p": 0.3333333333333331,
    "spearman_r": 0.8660254037844387,
    "spearman_p": 0.3333333333333332,
    "values": [
      64.0,
      64.0,
      18.36958052446373
    ]
  },
  "convergence_rate": {
    "pearson_r": -0.866025403525849,
    "pearson_p": 0.3333333336625799,
    "spearman_r": -0.5,
    "spearman_p": 0.6666666666666667,
    "values": [
      5.96435945879499e-14,
      9.02260647380089e-14,
      5.121081994730048e-05
    ]
  },
  "stability": {
    "pearson_r": 0.8660254037820667,
    "pearson_p": 0.33333333333635334,
    "spearman_r": 0.5,
    "spearman_p": 0.6666666666666667,
    "values": [
      0.9999999999995548,
      0.9999999999977383,
      0.6683697519512475
    ]
  }
}