{
  "substrate_info": {
    "type": "HopfieldSubstrate",
    "size": [
      128,
      128
    ],
    "time_step": 0,
    "parameters": {
      "temperature": 0.5,
      "dt": 0.1
    },
    "substrate_type": "Hopfield Network",
    "num_neurons": 16384,
    "temperature": 0.5,
    "dt": 0.1,
    "device": "cuda",
    "num_stored_patterns": 0
  },
  "basic_tests": {
    "initialization": {
      "state_shape": [
        128,
        128
      ],
      "state_mean": -0.0003670125443022698,
      "state_std": 0.09964638203382492
    },
    "injection": {
      "state_mean": 0.28846919536590576,
      "state_std": 0.19824014604091644,
      "injection_effect": 0.2951805293560028
    },
    "evolution": {
      "state_mean": 0.00148670538328588,
      "state_std": 0.00102168507874012,
      "evolution_effect": 0.2869825065135956
    },
    "recall": {
      "recall_similarity": 0.4952623840944137
    },
    "dynamics": {
      "time_step": 78,
      "energy": -4.990178270602996e-10,
      "mean_activity": 3.89797096431721e-05,
      "std_activity": 5.433698242995888e-05,
      "state_change": Infinity,
      "num_stored_patterns": 3,
      "converged": false
    }
  }
}