{
  "substrate_info": {
    "type": "OscillatorSubstrate",
    "size": [
      128,
      128
    ],
    "time_step": 0,
    "parameters": {
      "coupling_strength": 0.1,
      "natural_freq_range": [
        0.8,
        1.2
      ],
      "dt": 0.01
    },
    "substrate_type": "Coupled Oscillator Network",
    "coupling_strength": 0.1,
    "natural_freq_range": [
      0.8,
      1.2
    ],
    "dt": 0.01,
    "coupling_radius": 3,
    "device": "cuda",
    "num_stored_patterns": 0
  },
  "basic_tests": {
    "initialization": {
      "state_shape": [
        128,
        128
      ],
      "state_mean": 0.007232243660837412,
      "state_std": 0.7085195183753967
    },
    "injection": {
      "state_mean": 0.009594574570655823,
      "state_std": 0.7056509256362915,
      "injection_effect": 0.5219544172286987
    },
    "evolution": {
      "state_mean": 0.009650006890296936,
      "state_std": 0.704474925994873,
      "evolution_effect": 0.31517884135246277
    },
    "recall": {
      "recall_similarity": 0.0010620299443625649
    },
    "dynamics": {
      "time_step": 10500,
      "order_parameter": 0.028277676552534103,
      "mean_phase": -1.6755893230438232,
      "phase_variance": 3.2919228076934814,
      "synchronized": false,
      "num_stored_patterns": 0,
      "mean_frequency": 0.9990267753601074
    }
  }
}