{
  "substrate_info": {
    "type": "OscillatorSubstrate",
    "size": [
      128,
      128
    ],
    "time_step": 0,
    "parameters": {
      "coupling_strength": 0.1,
      "natural_freq_range": [
        0.8,
        1.2
      ],
      "dt": 0.01
    },
    "substrate_type": "Coupled Oscillator Network",
    "coupling_strength": 0.1,
    "natural_freq_range": [
      0.8,
      1.2
    ],
    "dt": 0.01,
    "coupling_radius": 3,
    "device": "cuda",
    "num_stored_patterns": 0
  },
  "basic_tests": {
    "initialization": {
      "state_shape": [
        128,
        128
      ],
      "state_mean": 0.004468277096748352,
      "state_std": 0.7102755308151245
    },
    "injection": {
      "state_mean": 0.0012056140694767237,
      "state_std": 0.7083339691162109,
      "injection_effect": 0.5223854780197144
    },
    "evolution": {
      "state_mean": -0.00127708213403821,
      "state_std": 0.7051142454147339,
      "evolution_effect": 0.3159506916999817
    },
    "recall": {
      "recall_similarity": 0.005377309619033169
    },
    "dynamics": {
      "time_step": 10000,
      "order_parameter": 0.00399537431076169,
      "mean_phase": -2.937995672225952,
      "phase_variance": 3.2716329097747803,
      "synchronized": false,
      "num_stored_patterns": 3,
      "mean_frequency": 1.1736664772033691
    }
  }
}