{
  "capacity": {
    "mean": 0.414303491568965,
    "std": 0.3077396925571208,
    "min": 0.0023660222663467226,
    "max": 0.7418708224339751,
    "range": 0.7395048001676283,
    "cv": 0.7427880740075646,
    "ranking": [
      "Reaction-Diffusion",
      "Hopfield Network",
      "Oscillator Network"
    ]
  },
  "overlap": {
    "mean": 0.40115766598575525,
    "std": 0.5852300979778137,
    "min": -0.393018293259749,
    "max": 0.9999999781172404,
    "range": 1.3930182713769894,
    "cv": 1.4588530834621882,
    "ranking": [
      "Hopfield Network",
      "Reaction-Diffusion",
      "Oscillator Network"
    ]
  },
  "correlation_length": {
    "mean": 48.78986017482125,
    "std": 21.510386026358937,
    "min": 18.36958052446373,
    "max": 64.0,
    "range": 45.63041947553627,
    "cv": 0.4408782060305985,
    "ranking": [
      "Reaction-Diffusion",
      "Hopfield Network",
      "Oscillator Network"
    ]
  },
  "discrimination_accuracy": {
    "mean": 0.6666666666666666,
    "std": 0.2721655269759087,
    "min": 0.3333333333333333,
    "max": 1.0,
    "range": 0.6666666666666667,
    "cv": 0.408248290463863,
    "ranking": [
      "Hopfield Network",
      "Reaction-Diffusion",
      "Oscillator Network"
    ]
  }
}